{
  "Baseline": {
    "I2T": {
      "1": 50.56,
      "5": 75.62,
      "10": 83.64
    },
    "T2I": {
      "1": 31.019592163134746,
      "5": 56.48940423830467,
      "10": 67.53298680527789
    }
  },
  "Tent": {
    "I2T": {
      "1": 48.38,
      "5": 72.76,
      "10": 81.6
    },
    "T2I": {
      "1": 27.377049180327866,
      "5": 51.051579368252696,
      "10": 62.28308676529388
    }
  },
  "MEMO": {
    "I2T": {
      "1": 45.739999999999995,
      "5": 69.16,
      "10": 78.0
    },
    "T2I": {
      "1": 29.544182327069173,
      "5": 53.93042782886845,
      "10": 64.48220711715314
    }
  }
}